asins,name,cluster_name,rating_mean,rating_count,imageURLs,weighted_score,positive_reviews,negative_reviews
B00OQVZDJM,"Amazon Kindle Paperwhite - eBook reader - 4 GB - 6 monochrome Paperwhite - touchscreen - Wi-Fi - black,,,",E-Reader & Office Tablets,4.77,3175,,4.732903938746653,daughter 's 1st kindle several kindle version daughter bought birthday love reading several series n't carry bag full bulky book trip use light read night store many book small space want reread book simply go account download 's kindle battery last long time take school read time took mine 2 week trip galapagos used airport flight several time every day since internet tv ship took little space weight restricted baggage limit n't recharge also 's much easier hold v big book great backlight isnt great love thing bring everywhere problem backlight hear suggest serious reader problem reading glowing page putting one reason bought paper white 3. becuase ca n't read ipad maybe 20 min bad usually turn becuase reading done daylight great perfect occult read like ready fork selection leave desired bad give kindle store book 3 5. serious reader 3+ book week imo would go voyage stick ipad would best decision made started old original kindle amd debating ... well month upgrade kept putting husband tell dropping subtle hint time finally decided pick surprise first little put rather high price honestly started reading playing ... definitely worth version 200 one fit style opinion better pricier one wo n't disappointed excellent ereader resolution contrast great unlike multi-use tablet performs great direct sunlight adjustable light 's also great pitch-black room battery life also better tablet 'll find ca n't imagine going back paper book ever convenience kindle kindle book always cheaper physical counterpart love thing good aging eye arthritic finger like earlier generation kindle n't paperwhite latest model well worth upgrade.if n't 's like wider really thicker heavier iphone 6 plus read kindle app book use goodreads outdoors even airplane mode crisp crisp backlit display quick response touch really press vs. tap older kindle slow take/load,transfer library book via usb purchased ereader stated could get library booksvia usb cord wifi near one wifi andthe usb would transfer tried everything neighbor tried readinstructions viewed youtube would n't work took back beyond 15 day would give credit upgraded wifi 3g better work extra money disappointed felt choice original kindle o best 3rd kindle software downloads new purchase picture cover book homepage fifth available space would allow buy four book time cover would small new book downloaded library list form original kindle addition looked book homepage disappears search place category finally system disallows manipulating book way want o definitely user friendly requires great deal effort user lot wasted data space waste time requesting return original kindle o ok light weight like old kindle fire better still adjusting ... kindle fire liked ease touch turning page definition location book paper weight much difficult maneuver n't seem touch sensitive fire repeatedly touch screen get page turn definition accessibility also take work also bookmarking n't seem stay page
B00IOY8XWQ,"Kindle Voyage E-reader, 6 High-Resolution Display (300 ppi) with Adaptive Built-in Light, PagePress Sensors, Wi-Fi - Includes Special Offers",E-Reader & Office Tablets,4.73,599,"https://i5.walmartimages.com/asr/5bb13520-39a6-4954-ba43-ba8a89370453_1.b69d533e448c73c3e0ba712459ef4b41.jpeg%25252525253FodnHeight%25252525253D450%252525252526odnWidth%25252525253D450%252525252526odnBg%25252525253DFFFFFF,https://pisces.bbystatic.com/image2/BestBuy_US/images/products/9302/9302088_sa.jpg,http://i.ebayimg.com/00/z/WNsAAOSwfcVUB4V5/%252525252524_10.png,http://pisces.bbystatic.com/image2/BestBuy_US/images/products/9302/9302088_sa.jpg,https://www.upccodesearch.com/images/barcode/0848719040104.png,https://images-na.ssl-images-amazon.com/images/I/516rQPAm4FL.jpg,https://i5.walmartimages.com/asr/af34758c-02d5-443d-8791-350ed57461d3_1.fad6fe39629c920c840c526edeeb980d.jpeg%25252525253FodnHeight%25252525253D450%252525252526odnWidth%25252525253D450%252525252526odnBg%25252525253DFFFFFF,https://i5.walmartimages.com/asr/d7610cfa-e4a5-477f-b3c4-2af593d8bf28_1.554cb66cb1937582a93c4c807e8f2b23.jpeg%25252525253FodnHeight%25252525253D450%252525252526odnWidth%25252525253D450%252525252526odnBg%25252525253DFFFFFF,https://i5.walmartimages.com/asr/e78a5511-d892-44ba-9c5e-292d287af7db_1.f528ebed6f83ba05fd18e1fcf8ebd5a4.jpeg%25252525253FodnHeight%25252525253D450%252525252526odnWidth%25252525253D450%252525252526odnBg%25252525253DFFFFFF,https://i5.walmartimages.com/asr/38b0b60b-05c0-4463-8698-dc55a6684f2d_1.572082678b82722454b8aff451e0539b.jpeg%25252525253FodnHeight%25252525253D450%252525252526odnWidth%25252525253D450%252525252526odnBg%25252525253DFFFFFF,https://i5.walmartimages.com/asr/6932cc9c-01b6-4750-807d-aaa595b7d8cd_1.e85e7769eac128ca9ff9934d32f5039b.jpeg%25252525253FodnHeight%25252525253D450%252525252526odnWidth%25252525253D450%252525252526odnBg%25252525253DFFFFFF,http://i.ebayimg.com/images/g/8YEAAOSwqu9U-sB1/s-l300.jpg,https://i5.walmartimages.com/asr/ef4227a1-9e2d-45ac-9cc6-b800bcf4d9fe_1.54a59edec9ef608ad8f01062ae8cb531.jpeg%25252525253FodnHeight%25252525253D450%252525252526odnWidth%25252525253D450%252525252526odnBg%25252525253DFFFFFF,https://www.barcodable.com/images/barcode/0848719040104.png,https://i5.walmartimages.com/asr/8971fe24-25b2-41f3-b5be-87f3e5df70d5_1.dfed7542216d613a6445dfac1729e235.jpeg%25252525253FodnHeight%25252525253D450%252525252526odnWidth%25252525253D450%252525252526odnBg%25252525253DFFFFFF",4.624555114929594,amazing portable lightweight third amazon kindle far best one adaptive lighting really help easy eye battery last week normal charge charge full pretty fast.i still enjoy eink display regular phone tablet extended reading periods.the kindle voyage light weight able easily find case accessory online.i highly recommend kindle voyage kindle reader advanced feature amazon kindle voyage extremely enjoy like kindle voyage reader whole bunch like reading whole bunch especially living bible 'm christian love god jesus christ nazareth believe product excellent reader person read book kindle voyage amazon library definitely get one today especially light weight awesome back light reading dark like light easy arm holding reading god bless another improvement kindle line moving first generation paperwhite appears right move love new size feel tiny perfect hand new automatic brightness setting work quite well wish could crank force required activate page turn button however frequently hit accidentally page turn button work glove great reading tree stand awesome e-reader voyage great reader like love read book line image crisp clean light weight even cover thing origami cover something would thought designing differently feel uncomfortable hold ... device though awesome page turn feature great use either side turn page would suggest anyone love read best e reader anyone get first e reader ttry friend papperwhite voyage best e reader world screen awesome read lot night sleep use read mobile sometime feel like eye burning voyage read much time want strain burning sensation eye compared papperwhite screen look better feel like actually reading paper book,amazon voyage dead trying update software kindle voyage nearly 16 month old worked perfectly kept receiving email amazon software update switched airplane mode switched wifi shortly screen locked tried everything customer support tell buy new one annoyed left software kindle voyage would still working
B00IOYAM4I,"Kindle Voyage E-reader, 6 High-Resolution Display (300 ppi) with Adaptive Built-in Light, PagePress Sensors, Free 3G + Wi-Fi - Includes Special Offers",E-Reader & Office Tablets,4.86,51,"http://pisces.bbystatic.com/image2/BestBuy_US/images/products/9301/9301112_sa.jpg;canvasHeight=147;canvasWidth=105,https://www.barcodable.com/images/barcode/0848719040098.png,https://images-na.ssl-images-amazon.com/images/I/516rQPAm4FL.jpg",4.532402510376845,expect improvement pricey yes ... serious reader user library e-books completly worth nothing beat real book experience traveling 4 day plus per week nothing beat portability ability add library amazon fly ... never seek light read noticeable improvement backlight exceptional direct sun readability affected polarized sunglass ... great battery life ... great build quality ... expect last long time ... upgraded lost last kindle train excellent function really like smaller size reader left handed ease use haptic page turn button easy use n't even use touch screen page advance haptic advance done right left side reader advantagefor u lefty fourth kindle keep upgrading due change advance use kindle every night enjoy much would highly recommend want upgrade voyage visit local best buy hold hand feel see difference read got ta read novel biography anything need free download thousand book local library ... email pdf 's special email address read imagine able take 100 's book beach ounce read full sunlight high resolution screen great feature let automatically sync last page reading kindle kindle reader android cell phone really like convenience free 3g cellular coverage ... premium device premium price great reader feel like best evolution paperwhite auto-brightness work fine unnoticeable feel good hand new page squeeze feature nice haptic feedback squeeze bezel.the power button also much better placed glass screen make swiping tapping bookmark location corner area much easier backlight much uniform 1st gen paperwhite.the issue displaying black block like tree silhouette look like tiny bad pixel kind twinkle course thing expensive compared paperwhite,
"B018SZT3BK,B01AHB9CN2","All-New Fire HD 8 Tablet, 8 HD Display, Wi-Fi, 16 GB - Includes Special Offers, Black",Entertainment Tablets,4.58,2368,"https://www.barcodable.com/images/barcode/0841667103037.png,https://www.barcodable.com/images/barcode/0841667104676.png,https://images-na.ssl-images-amazon.com/images/I/41s%2BdChJj1L.jpg,http://i.ebayimg.com/images/g/e4UAAOSwEzxYNxm~/s-l64.jpg,http://i.ebayimg.com/thumbs/images/g/9DAAAOSwE2tZcUga/s-l96.jpg,http://i.ebayimg.com/thumbs/images/g/rBoAAOSw3QpZbny7/s-l200.jpg,https://i.ebayimg.com/thumbs/images/g/mGIAAOSwgjFZubF-/s-l96.jpg,http://i.ebayimg.com/images/g/o74AAOSwB09YJrMY/s-l64.jpg,https://images-na.ssl-images-amazon.com/images/I/41cBfKaDorL.jpg",4.5658287228080905,7 year old granddaughter love request 7 yr old granddaugter always asked older sister could share due bought tablet/size yr earlier loved security/parental control options.starfall favorite educational app told must really enjoy pics/viber due different state also game time limit size resolution perfect great buy pretty impressed little device easy setup work rather well also bought ipad air 2 128gb bf 375 playing around hd fire returned air 2 met need much lower price added 64gb sd card downloading movie netflix hd display clear battery life could little better overall 'm satisfied free stuff get amazon prime account icing cake dig amazing tablet price wanted tablet decent screen size could play game could stream movie netflix prime could check e-mail could skype etc remaining affordable 100 yet see tablet price range thing effortlessly remaining affordable tablet handled whatever throw hiccup cheaper 50 fire tablet prior one thing slow process basic task 're looking affordable tablet expensive tablet pick one amazing tablet amazing price loved product first disappointed could download google store apps quick google search fixed issue download google store apps battery life amazing able watch around 4 full movie single charge performance great game like marvel champion modern strike online issue able add sd card perfect dont worry storage downloading movie apps speaker better samsung galaxy s7 price point tablet single thing complain brightness screen better amazon fire hd 8 16 gb 6th generation 'm truly elated amazon fire hd 8 tablet originally purchased product specifically attached tablet holder nordic track treadmill already built-in tablet however taken back versatility fire hd 8 tablet decided use tablet everyday `` walk-about '' computer tablet instead placing treadmill use 1 3 time per week totally recommend fire hd 8 tablet sale cost 69.00,color difference huge bad customer service got magenta color loved beautiful purple-ish color shown picture instead got really bright pink-ish color look nothing like color shown went store hoping replace different color told since bought sale pay 30 dollar price difference wanted exchange unbelievable product good never liked best buy customer service disappointed bought tablet replacement wife 's fire tv hdx 8.9 battery life starting decrease getting older unfortunately happy tablet slightly smaller screen wise next step 10 '' way big 4 less hour battery life disappointed despite newer tablet able decode hevc like fire tv 2015 box connected television unfortunately show stopper ca n't view movie library tablet wait newer version come improved disappointed device mfg seller initially excited get kindle extremely disappointed ad even disappointed find could pay amazon money remove ad 's frustrating best buy specifically amazon n't let consumer know box store advertising 're buying mini advertising billboard could n't upfront statement box store stating `` low price '' subsidized ad device would changed purchase absolutely would spent couple buck probably got samsung tablet job time looking inexpensive tablet basic web surfing/shopping/etc. n't know get better deal however found hard way fire bought replace misplaced ipad maybe spoiled pretty limited term apps download forget google based apps many standard apps generally available android apple market place love amazon n't major issue product got price paid wo n't going cheap route future hindsight 20/20 spent money get new ipad since used may preloaded useless apps kindle overloaded apps never use despite one best buy associate said remove amazon apps apps take much memory pad love bought backup work unfortunately bog also n't like amazon want access much info set email wo n't use email either likely sell craig 's list less half paid
B01J94YIT6,"All-New Fire HD 8 Tablet with Alexa, 8 HD Display, 16 GB, Marine Blue - with Special Offers",Entertainment Tablets,4.58,831,"https://www.barcodable.com/images/barcode/0841667123851.png,https://images-na.ssl-images-amazon.com/images/I/517HBfAZqUL.jpg,https://pisces.bbystatic.com/image2/BestBuy_US/images/products/5871/5871311_bd.jpg",4.5495143844176145,a+ using couple 'cheaper generic android tablet priced 50-100 say fire tablet beat without question aspect .. faster better display etc etc ... prime member course geared towards prime/etc however easy enuf side load play store get apps need generic tab getting tosed 've already purchased 2nd fire tab amazing little tablet purchased amazon fire hd 8 8 '' tablet 16gb 7th generation 2017 release punch red little 2 month ago use traveling home project state found use plane watch movie use check email surf web listen music play game everything phone except make call easy use picture amazing cost considerably less galaxy 7 '' table cost extra added mine came 16gb storage quickly expanded 64 added cover protect far love tablet glad decided galaxy 7 '' tablet amazing tablet great price got black friday sale less 50 everything play game internet surf create document read book take pictures/videos stream music movie hd even talk alexa feature expandable 256gb memory fast reliable tablet price find equal n't even scratched surface everything reason n't give 5 star camera 2mp resolution surprising considering bothered put hd screen tablet awesome tablet thing great display incredibly sharp wife gone thru 5 tablet 3 cellphone last 2years love fire hd 8. battery last day 's alot easily navigated user-friendly would definitely recommend family friend even complete stranger complaint .... screen share mirroring need included feature otherwise awesome tablet excellent tablet overall since bought tablet able find major fault 8 '' display allows quite portable allowing screen large enough watch movie device micro sd port side allows extend internal memory one slight disadvantage run fire o 5 although variant android limited apps available download installation amazon 's appstore google play store app present tablet,stopped charging 6 month amazon fire hd 8 tablet longer able charge less six month received christmas present contaced amazon assuming one year warranty amazon tech support navigated number trouble shooting step concluded usb port defective told product 90 day warranty best could give 10 next amazon purchase wow
B018T075DC,"Fire HD 8 Tablet with Alexa, 8 HD Display, 16 GB, Tangerine - with Special Offers",Entertainment Tablets,4.6,455,"http://pisces.bbystatic.com/image2/BestBuy_US/images/products/5620/5620410_sd.jpg,https://pisces.bbystatic.com/image2/BestBuy_US/images/products/5620/5620410_sd.jpg,https://c1.neweggimages.com/NeweggImage/ProductImage/ACVB_1_201806061380665288.jpg,https://c1.neweggimages.com/NeweggImage/ProductImage/ACVB_1_201806061902017755.jpg,https://www.barcodable.com/images/barcode/0841667103068.png,https://c1.neweggimages.com/NeweggImage/ProductImage/ACVB_1_201806061563426908.jpg,https://pisces.bbystatic.com/image2/BestBuy_US/images/products/5620/5620410_sa.jpg,https://www.upccodesearch.com/images/barcode/0841667103068.png,https://images-na.ssl-images-amazon.com/images/I/41iTiDa9yXL.jpg",4.547051039093723,exceptional tablet amazon fire hd 8 awesome device price tablet mind boggling tablet everything would expect want tablet amazon store amazon prime preloaded 's much fun easy use performance tablet unbelievable never stop thinking modest price paid fantastic tablet feel comfortable hand design nice size adequate tablet use expand memory storage device additional 240gb believe outstanding great buy nice screen resolution bought super sale e-reader use browse web lieu laptop traveling found great value price process rapidly web amazon silk browser streaming music also work well screen nice resolution play well operating system apps apps available amazon compare google unable download google play app although g mail work like champ camera produce decent image would n't bother function terrific buy money n't expect ipad kid friendly nephew love play phone anyone around small human know astounding ability perpetually something sticky hand however rare case n't probably drop device lack said stickum kindel come rescue everything need entertained best lack anxiety inducing price tag moment kid demonstrate murphy 's law action perfect tablet n't break bank upgrade tablet first kindle fire purchased 5 year ago love larger screen quick processing downloads great hd visuals importantly previous picture music file easily transferred/accessed new device love fire front rear camer old fire front facing camera granted ipad n't want need ipad definitely n't want spend hundred dollar device cool fire tablet everything need want costed 99.00 one satisfied pleased customer price great limited amazon apps price low amazon us add subsidize price actual tablet work well biggest negative install apps amazon store many android apps available google store available amazon store.i primarily use tablet bible gateway dish anywhere play game read newspaper facebook future want try use local library,watching video great .. .. hulu play perfectly .. great volume kindle start right 'm able read fine however 'm facebook click article read go page within 30 second page close sometimes facebook app wo n't even load find blanking showing icon time n't dropped 'm assuming internal problem tried playing couple game say need `` amazon app '' go purchase stuff already ... close saying error wish could replace new one
B01J94SCAM,"All-New Fire HD 8 Kids Edition Tablet, 8 HD Display, 32 GB, Pink Kid-Proof Case",Health & household accessories,4.65,191,"https://www.barcodable.com/images/barcode/0841667123172.png,https://images-na.ssl-images-amazon.com/images/I/517uiryHAKL.jpg",4.540679965083106,easy use bought 2 year old since kept fighting sister ipads great alternative cost much less 12 month freetime great prime member get big discount continue service 12 free month build quality great free child bumper work great well also come free 2 year warranty amazon piece mind case kid break hard included bumper great product great device child like closed ecosystem kid n't see n't n't like daughter made purchase mistake day 2 turnoff one click buying also n't like set like parent device child using two step logging also n't like lack google apps device great screen weight bumper tough easy clean overall would recommend 4yo wonderful tablet kid bought 16gb 7‚äù tablet daughter two year ago loved still make use got two son little bigger space can‚äôt wait see face christmas day free time subscription offer lot content dollar month it‚äôs worth also ability lock watch long great feature.we say reading book 30 min video played wife love tablet kid work dementia patient bout kid kindle actually mother dementia simple enough use yet protects unwanted purchase becoming overwhelmed cover nice touch pre-loaded game apps really worth price difference though connivence sake probably better investment purchase regular kindle case separately 'm sure 's app setting make device kid-friendly screen clear 's lag pushing button,
B01J94SBEY,"All-New Fire HD 8 Kids Edition Tablet, 8 HD Display, 32 GB, Blue Kid-Proof Case",Health & household accessories,4.63,233,"https://www.barcodable.com/images/barcode/0841667123134.png,https://pisces.bbystatic.com/image2/BestBuy_US/images/products/5836/5836203cv11d.jpg,https://images-na.ssl-images-amazon.com/images/I/51J60GKlFyL.jpg,https://c1.neweggimages.com/NeweggImage/ProductImage/A22F_1_20180302397289271.jpg,https://pisces.bbystatic.com/image2/BestBuy_US/images/products/5836/5836203cv12d.jpg,http://i.ebayimg.com/thumbs/images/g/UmkAAOSwRvdZaEsy/s-l96.jpg",4.540586953757208,must-have kid perfect tablet kid parental control allow age appropriate content customizable without spending hour digging setting come 2-year question asked adh warranty amazon making geek squad protection device irrelevant also come free 1-year subscription amazon kid allowing unlimited access almost children‚äôs show apps normally paid amazon-fire hd 8 '' 32gb tablet granddaughter 6th birthday quickly outgrown tablet although age appropriate tablet enough storage space especially add micro-sd card allow downloading apps operating system also permit downloading earlier tablet permit extremely happy amazon fire tablet evidenced amount time spends using awesome kid tablet 100 apple person always hating kindles due limited appstore found get google play store device fell love kid version 100 worth extra money isn‚äôt case make money come year freetime feature awesome child appropriate show video apps also includes two year worry free warranty type tablet purchasing future ipads you‚äôre constantly terrified dropped cracking even crack least warranty ridiculous deductible awesome tablet great value 5 year old 2 year old needed tablet indestructible tablet extremely durable fairly quick 1 year amazon freetime nice break tablet especially thick foam case come want tablet little one indestructible affordable educational great parental feature looking downside screen brightness could lot brighter n't support youtube red video downloads bought tablet download video youtube red able take tablet everyone travel play video unfortunately tablet model support youtube red definitely n't work without wifi fail 'm gon na need figure download stuff run tablet without connected wifi 's good little one older 3 4 year age 's big might trouble holding sit apps help promotes keep engaged interested sit still great case protector,amazon fire hd 8 kid edition ok look screen amazon fire hd 8 kid edition good navigation sluggish compared apple samsung touch screen responsive camera good amazon done much better job make better product compete samsung apple hope amazon make improvement cost low appreciate would recommend someone looking good product cost factor live
B018Y226XO,"Fire Kids Edition Tablet, 7 Display, Wi-Fi, 16 GB, Pink Kid-Proof Case",Health & household accessories,4.53,1663,"http://pisces.bbystatic.com/image2/BestBuy_US/images/products/5026/5026100_sd.jpg,https://i5.walmartimages.com/asr/7d06c054-e268-49f0-b855-6a494e72060f_1.f4c892557eaf1e691695aaf5fe4e3f17.jpeg?odnHeight=450&odnWidth=450&odnBg=FFFFFF,http://www.toysrus.com/images/tru_hdrLogo.gif/graphics/product_images/pTRU1-24441653reg.jpg,https://i5.walmartimages.com/asr/a4393d82-fb88-4dde-a3fe-942f05486f8c_1.c7c1dd8a773990d1f78e68db5ac6f13e.jpeg?odnHeight=450&odnWidth=450&odnBg=FFFFFF,https://i5.walmartimages.com/asr/2dc34b82-af62-41a3-94f5-78245d368e19_1.48ec47f488b0ce062882ec1d2601c859.jpeg?odnHeight=450&odnWidth=450&odnBg=FFFFFF,https://i5.walmartimages.com/asr/3ca2f3f4-0ffb-4600-a012-e0791b41e3fd_1.0924edc49f6b10abf1877906e21bed18.jpeg?odnHeight=450&odnWidth=450&odnBg=FFFFFF,https://images-na.ssl-images-amazon.com/images/I/51gKvEWQuxL.jpg,https://www.upccodesearch.com/images/barcode/0841667103372.png,https://pisces.bbystatic.com/image2/BestBuy_US/images/products/5026/5026100_sd.jpg,https://i5.walmartimages.com/asr/8042eeaa-1e9a-462e-924b-0663d290973f_1.f8e1c623aab927072e92e62e9dc69153.jpeg?odnHeight=450&odnWidth=450&odnBg=FFFFFF,http://pisces.bbystatic.com/image2/BestBuy_US/images/products/5026/5026100_sa.jpg,https://www.barcodable.com/images/barcode/0841667103372.png,https://pisces.bbystatic.com/image2/BestBuy_US/images/products/5026/5026100_sa.jpg,https://i5.walmartimages.com/asr/3c69351b-226d-409e-b5ab-62c006adf6b1_1.e44325b93a73f6b6c9db8e51491ee6e0.jpeg?odnHeight=450&odnWidth=450&odnBg=FFFFFF,https://i5.walmartimages.com/asr/8834417b-e055-4906-97ca-d76cfc28f0e5_1.c1be30dbc20811a7a3e7126c11c57534.jpeg?odnHeight=450&odnWidth=450&odnBg=FFFFFF",4.522849255556295,great little computer keep child entertained amazon fire kid edition tablet thousand child-friendly e-books tv show game educational apps accessible tablet engage child healthy way kid-proof case prevents easy damage expandable memory 128gb amazon fire kid edition tablet provides plenty storage movie autism speech delay fire kid edition n't know well would full blown tablet shocked well navigates get stuck time time time key word pull apps close pause play movie etc vocal skill improved saying identifying letters- tablet 'm impressed well hold attention letter understanding 's 3.5 transferred screen physical material use plus 's great motivation tool love bad plug tablet great like warranty come n't like charging port wire come device short fully snap device let charge device unless place carefully right position n't touch buy market cable 8mm plug length get charge bought 2 tablet thing one tablet bought one magnetic plug younger child problem loose plug best tablet kid second one bought older son would n't share christmas santa brought little brother one lol apps come subscription endless also netflix kid watch different show bought sprout cubby tablet broke within 2 day customer service terrible would replace actually wanted charge paid customer service amazon however fantastic replaced son tablet cracked within 3 day durable older toddler crazy lil man wo n't regret buying kid daughter love daughter absolutely love new tablet everything wanted free year amazon freetime awesome bonus problem whenever wifi get turned back apps kid profile load almost n't downloaded yet happens wifi strength get weak also really frustrates daughter 4 year old wish could fixed tablet great daughter much fun 'm sure kid love also,aware require credit card purchased 2 christmas gift niece nephew decided unbox charge ready christmas day opening discovered allow install free apps use much unless registered amazon account credit gift card absolutely interest giving 4 7 year old access one click shopping account returned android type kid tablet may way around restriction n't find disappointed n't play netflix bought little guy tablet ... could repossess ipad love free time app could 've imagined would n't play netflix ... 'm money tablet still n't ipad back ... yes called amazon numerous time ... work fix next time go use n't work ... fix take several minute 's force stopping app clearing cache hard restart ... wait restart netflix .... oh sometimes numerous time work ... work overseas baught 2 kid figured cover one year freetime includes video apps game make sense baught one gift kid overseas content playing contacted amazon said 's overseas although asked best buy buy assured work everywhere 's totally overpriced tablet n't play anything best buy know let customer know specially u ask specifically good toddler originally looked samsung store purchase turned 2 year old salesperson talked buying tablet would great older child learning game preloaded pretty advanced way child 's head advanced age thought might able go playstore download learning game wanted let access disappointed n't really even use maybe next year disappointed n't play netflix bought little guy tablet ... could repossess ipad love free time app could 've imagined would n't play netflix ... 'm money tablet still n't ipad back ... yes called amazon numerous time ... work fix next time go use n't work ... fix take several minute 's force stopping app clearing cache hard restart ... wait restart netflix .... oh sometimes numerous time work ... work ...
"B00L9EPT8O,B01E6AO69U","Echo (White),,,
Echo (White),,,",Smart Home & Amazon devices,4.67,5944,,4.656651848901913,love echo want device performs command alexa name.she 's constant companion kitchen sings tell joke share recipe tell story quote bible verse give weather forecast much more.if add additional device control light thermostat grandson really like alexa tell stories.this inanimate object begin feel like real person longer around love ... amazon echo become critical appliance kitchen admittedly bought echo serve yet another cool toy around ... 're finding 's great addition lives.the top used function family probably simple use timer function close second ability call artist want hear amazon prime music 's well worth buck month get music service sound quality device although audiophile worthy quite good.our family still exploring many great tool available alexa ... say without reservation 's great device household forget 's like alexa around alexa transformed life home chooses music listen `` alexa play music '' keep track shopping `` alexa reorder cat food '' make sure n't burn dinner `` alexa set 15 minute timer '' ... find asking thing 'm home disappointed n't looking forward buying `` smart home '' item help use even amazing echo amazon echo amazing also somewhat frustrating experience convenience brings timer turning connected light playing music corny joke amazing love machine also become little frustrating n't work immediately time 've mostly worked first try definitely day light wo n't turn asked sometimes take long time alexa respond command could internet issue still detracts experience awesome device enjoyed immensely useful informative entertaining part daily life giving u news update locally world information anything ask like word definition synonym antonym math science educational question ... name 's like book encyclopedia course entertainment-playing music bluetooth connection and/or amazon music playlist great amazing gadget whole family buy another one,work properly device stay connected wifi always disconnecting make product unusable alarm timer used work harmony time turn device priced overrated purchased google home past week lost contact wifi work perfectly harmony hub difficult setup echo even 5-6 time echo support ca n't figure wish could return late purchased without research unimpressed found opened tried programming awesome alexa basically nothing come 's listening device home wo n't anything unless pay amazon fact synced pandora account pointless spell want alexa play saying `` alexa play x station pandora play list '' rest family suppose know request one know pandora play list barely many complaint basically disappointed purchase lead believe radio future pay amazon music unlimited monthly bluetooth bummer on/off timer wonderfully designed device use fairly limited bought primarily use smart home control device however although allows turn light add timer control instruction instance tell echo turn light 30 minute tell turn immediately finding incredible disappointing n't know understand would hard add feature useless without prime matter asked either alexa n't know answer offered order item n't ask prime membership.could n't even get weather forecast right.kept giving forcast area 20 mile away.i returned it.by way whatever ask '' ok google '' get answer usually 99 correct.never asks pay 99 membership offer order something online me.do n't need n't want n't waste money could give lower rating would.this nothing speaker big one.it wireless even take outside w/o power source ask question alexa search answer expensive would like try google since return ca n't justify price everyone said give time like alexa gave much time realize return within time frame bad
B06XB29FPF,Amazon - Echo Plus w/ Built-In Hub - Silver,Smart Home & Amazon devices,4.75,590,"https://c1.neweggimages.com/NeweggImage/ProductImage/81-511-011-V02.jpg,https://pisces.bbystatic.com/image2/BestBuy_US/exc/videometadata/thumbnail/277d07e138ab7e484a9451f3ba4eed92.jpg,https://pisces.bbystatic.com/image2/BestBuy_US/images/products/6036/6036024cv12d.jpg,https://images-na.ssl-images-amazon.com/images/I/41O7UvEzc8L.jpg,https://pisces.bbystatic.com/image2/BestBuy_US/images/products/6036/6036024cv15d.jpg,https://pisces.bbystatic.com/image2/BestBuy_US/images/products/6036/6036024cv14d.jpg,https://pisces.bbystatic.com/image2/BestBuy_US/images/products/6036/6036024_sd.jpg,https://www.barcodable.com/images/barcode/0841667159492.png,https://pisces.bbystatic.com/image2/BestBuy_US/images/products/6036/6036024cv13d.jpg,https://pisces.bbystatic.com/image2/BestBuy_US/exc/videometadata/thumbnail/e4864976965c92c4de18c84b4555a01e.jpg",4.634472863104806,alexa rock present husband originally asked radio home office set relatively quick amazed sound quality loved versatility could specific radio station played random song well tell joke etc fun u looking getting smaller `` dot '' room commented would never get rid 's fun functional smart bulb handy well love amazon echo plus awesome purchased two amazon echo plus two dot plus four fire stick hub philip hue lamp family christmas 2017. i‚äôm happy purchase learning much alexa start daily routine alexa program whatever would like include news weather music horoscope also start day compliment think important alexa gave best chili recipe mean best it‚äôs called chili i. want husband use alexa stay organized business date reminder way go alexa review yesterday evening decided purchase amazon echo machine intrusive yeah guess could allow purchased home automation fantastic capability name capability subscription unprecedented amount music listen worth thing include sport travel recipe traffic home automation part lock door turn light random lighting vacation .. amazon echo plus wow echo plus demonstrated u best buy bit skeptical bought check wow impressed tell turn turn light living room family room bedroom also dim light need local weather forecast ask want listen christmas music yes want know distance someplace population city country yes 're still discovering seems limitless absolutely love amazon echo smart device hub take echo 've amazon echo dot year really wanted develop smart device usage around house upgraded echo great device use drop feature communicate others house especially upstairs without yell smart hub amazing attaching smart device much seamless 1st gen echo got time tell 2nd gen echo device worth,
B010CEHQTG,"Amazon Echo Show Alexa-enabled Bluetooth Speaker with 7"" Screen",Smart Home & Amazon devices,4.66,640,"https://i5.walmartimages.com/asr/db02a974-11af-4de9-b228-c36426eb2b44_1.22c5de2dd319a4ae3a2f23548c464eb1.jpeg%252525253FodnHeight%252525253D450%2525252526odnWidth%252525253D450%2525252526odnBg%252525253DFFFFFF,https://c1.neweggimages.com/NeweggImage/ProductImage/81-511-001-V02.jpg,https://c1.neweggimages.com/NeweggImage/ProductImage/81-511-001-V03.jpg,https://i5.walmartimages.com/asr/5638a5f1-ac87-4f19-a40a-1c8f97667060_1.eb5a3b378540fee9c3df5c656a718cd9.jpeg%252525253FodnHeight%252525253D450%2525252526odnWidth%252525253D450%2525252526odnBg%252525253DFFFFFF,https://images-na.ssl-images-amazon.com/images/I/51YHTHvHapL.jpg,https://c1.neweggimages.com/NeweggImage/ProductImage/81-511-001-Z01.jpg,https://i5.walmartimages.com/asr/742c3b8b-69c9-45fc-80f7-cf24a98f26d0_1.425506278f53987c49795c9897a371e6.jpeg%252525253FodnHeight%252525253D450%2525252526odnWidth%252525253D450%2525252526odnBg%252525253DFFFFFF,https://i5.walmartimages.com/asr/a9577e52-7a76-48ec-b24d-9d7027dc93b8_1.6f920909d7d5977d1bf1af2b95b5dae3.jpeg%252525253FodnHeight%252525253D450%2525252526odnWidth%252525253D450%2525252526odnBg%252525253DFFFFFF,https://static.bhphoto.com/images/images500x500/amazon_b010cehqtg_echo_show_white_1502460407000_1353417.jpg,https://static.bhphoto.com/images/images500x500/amazon_echo_show_2_pack_white_1506004002000_1353763.jpg,https://www.barcodable.com/images/barcode/0848719084894.png,https://c1.neweggimages.com/NeweggImage/ProductImage/81-511-001-V01.jpg",4.589176386331083,practical easy setup well designed good sound everything alexa plus hd video always ready answer associated video text applicable show movie trailer also watch amazon video excellent on-demand security video amazon compatible camera voice activated message and/or video call amazon show owner alexa app holder highly recommended simple powerful little hesitant spend money get glad alexa always answer say command noticed probably 95 right command given love fact see thing screen news briefing picture/video 's nice also love video call option planning getting one grandma technologically advanced could sit table talk grandkids worth every penny terrific product jealous son showed u amazon show thing capable since aol eliminated instant messaging wife less able communicate office separate floor got two show two spot intercom easily use alexa music many thing probably start using smart home device alexa also control 's fun device seems getting better time returned nucleus gem beauty previously owned nucleus device similar device great device lot bug much returned device masterpiece tied alexa echo universe used intercom throughout house echo also used view thing even call people echo directly amazing piece hardware amazon proud developing beautiful device echo show first concerned funny looking angle saw picture item displayed local store decided take chance owner echo dot figured would work manner love work arlo pro screen great soon figured reason funny angle item angled screen work great setback recommendation would add auxiliary output rear also watch prime movie youtube video etc,pas waited couple month review giving amazon time make product equal sony dash nearly decade ago n't screen provides nothing value ca n't turn amazon tip near zero customization ca n't even move clock side screen something sony dash nearly 10 year ago pandora prime music alarm seriously biggest fail run away half baked amazon disaster less useless doesn‚äôt work cloudcam less useless work amazon cloudcam purchased best buy allow monitor two cloud cam kitchen tech savvy numerous alexa device unable get work tried installing enabling amazon cloudcam skill made sure new update show show automatically updated first plugged final straw tech support rep told can‚äôt use show cloudcam‚äîand unable connect someone could actually solve problem useless help less useless actually make work echo show less useless
